timestamp,value,label,KPI ID
1493568000,1.90163934231,0,02e99bd4f6cfb33f
1493568060,1.7868852615400002,0,02e99bd4f6cfb33f
1493568120,2.0,0,02e99bd4f6cfb33f
1493568180,1.88524591923,0,02e99bd4f6cfb33f
1493568240,1.8196721077,0,02e99bd4f6cfb33f
1493568300,1.88524591923,0,02e99bd4f6cfb33f
1493568360,1.88524591923,0,02e99bd4f6cfb33f
1493568420,1.93442618847,0,02e99bd4f6cfb33f
1493568480,1.96721315384,0,02e99bd4f6cfb33f
1493568540,1.95081973076,0,02e99bd4f6cfb33f
1493568600,1.95081973076,0,02e99bd4f6cfb33f
1493568660,1.95081973076,0,02e99bd4f6cfb33f
1493568720,1.90163934231,0,02e99bd4f6cfb33f
1493568780,1.93442618847,0,02e99bd4f6cfb33f
1493568840,1.80327868462,0,02e99bd4f6cfb33f
1493568900,1.83606553078,0,02e99bd4f6cfb33f
1493568960,1.91803276539,0,02e99bd4f6cfb33f
1493569020,2.0491802692400003,0,02e99bd4f6cfb33f
1493569080,1.96721315384,0,02e99bd4f6cfb33f
1493569140,2.03278684616,0,02e99bd4f6cfb33f
1493569200,2.1803278923,0,02e99bd4f6cfb33f
1493569260,1.93442618847,0,02e99bd4f6cfb33f
1493569320,1.95081973076,0,02e99bd4f6cfb33f
1493569380,1.93442618847,0,02e99bd4f6cfb33f
1493569440,1.98360657692,0,02e99bd4f6cfb33f
1493569500,2.03278684616,0,02e99bd4f6cfb33f
1493569560,2.31147551537,0,02e99bd4f6cfb33f
1493569620,2.03278684616,0,02e99bd4f6cfb33f
1493569680,1.95081973076,0,02e99bd4f6cfb33f
1493569740,2.19672131538,0,02e99bd4f6cfb33f
1493569800,2.0,0,02e99bd4f6cfb33f
1493569860,2.40983605385,0,02e99bd4f6cfb33f
1493569920,2.32786893845,0,02e99bd4f6cfb33f
1493569980,2.0819671154,0,02e99bd4f6cfb33f
1493570040,2.13114762306,0,02e99bd4f6cfb33f
1493570100,2.16393446922,0,02e99bd4f6cfb33f
1493570160,2.14754104614,0,02e99bd4f6cfb33f
1493570220,2.16393446922,0,02e99bd4f6cfb33f
1493570280,2.14754104614,0,02e99bd4f6cfb33f
1493570340,2.24590158463,0,02e99bd4f6cfb33f
1493570400,2.06557369232,0,02e99bd4f6cfb33f
1493570460,2.0,0,02e99bd4f6cfb33f
1493570520,2.0,0,02e99bd4f6cfb33f
1493570580,2.06557369232,0,02e99bd4f6cfb33f
1493570640,1.93442618847,0,02e99bd4f6cfb33f
1493570700,2.0,0,02e99bd4f6cfb33f
1493570760,2.24590158463,0,02e99bd4f6cfb33f
1493570820,2.24590158463,0,02e99bd4f6cfb33f
1493570880,2.1803278923,0,02e99bd4f6cfb33f
1493570940,2.26229500771,0,02e99bd4f6cfb33f
1493571000,2.42622947693,0,02e99bd4f6cfb33f
1493571060,2.01639342308,0,02e99bd4f6cfb33f
1493571120,1.96721315384,0,02e99bd4f6cfb33f
1493571180,2.0491802692400003,0,02e99bd4f6cfb33f
1493571240,2.29508185387,0,02e99bd4f6cfb33f
1493571300,2.24590158463,0,02e99bd4f6cfb33f
1493571360,2.22950816154,0,02e99bd4f6cfb33f
1493571420,2.19672131538,0,02e99bd4f6cfb33f
1493571480,2.55737709999,0,02e99bd4f6cfb33f
1493571540,2.55737709999,0,02e99bd4f6cfb33f
1493571600,2.47540974617,0,02e99bd4f6cfb33f
1493571660,2.44262290001,0,02e99bd4f6cfb33f
1493571720,2.3770492076900003,0,02e99bd4f6cfb33f
1493571780,2.34426236153,0,02e99bd4f6cfb33f
1493571840,2.09836053848,0,02e99bd4f6cfb33f
1493571900,2.06557369232,0,02e99bd4f6cfb33f
1493571960,1.98360657692,0,02e99bd4f6cfb33f
1493572020,2.01639342308,0,02e99bd4f6cfb33f
1493572080,2.01639342308,0,02e99bd4f6cfb33f
1493572140,1.98360657692,0,02e99bd4f6cfb33f
1493572200,2.32786893845,0,02e99bd4f6cfb33f
1493572260,2.42622947693,0,02e99bd4f6cfb33f
1493572320,2.24590158463,0,02e99bd4f6cfb33f
1493572380,2.1803278923,0,02e99bd4f6cfb33f
1493572440,2.19672131538,0,02e99bd4f6cfb33f
1493572500,2.13114762306,0,02e99bd4f6cfb33f
1493572560,2.09836053848,0,02e99bd4f6cfb33f
1493572620,2.2786884307900004,0,02e99bd4f6cfb33f
1493572680,2.50819683075,0,02e99bd4f6cfb33f
1493572740,1.98360657692,0,02e99bd4f6cfb33f
1493572800,2.0491802692400003,0,02e99bd4f6cfb33f
1493572860,2.39344263077,0,02e99bd4f6cfb33f
1493572920,2.5737705230700003,0,02e99bd4f6cfb33f
1493572980,2.34426236153,0,02e99bd4f6cfb33f
1493573040,2.14754104614,0,02e99bd4f6cfb33f
1493573100,2.42622947693,0,02e99bd4f6cfb33f
1493573160,2.24590158463,0,02e99bd4f6cfb33f
1493573220,2.31147551537,0,02e99bd4f6cfb33f
1493573280,2.39344263077,0,02e99bd4f6cfb33f
1493573340,2.19672131538,0,02e99bd4f6cfb33f
1493573400,2.13114762306,0,02e99bd4f6cfb33f
1493573460,2.42622947693,0,02e99bd4f6cfb33f
1493573520,2.75409841537,0,02e99bd4f6cfb33f
1493573580,2.70491814613,0,02e99bd4f6cfb33f
1493573640,2.5737705230700003,0,02e99bd4f6cfb33f
1493573700,2.49180316925,0,02e99bd4f6cfb33f
1493573760,2.45901632309,0,02e99bd4f6cfb33f
1493573820,2.31147551537,0,02e99bd4f6cfb33f
1493573880,2.55737709999,0,02e99bd4f6cfb33f
1493573940,2.60655736923,0,02e99bd4f6cfb33f
1493574000,2.32786893845,0,02e99bd4f6cfb33f
1493574060,2.14754104614,0,02e99bd4f6cfb33f
1493574120,2.19672131538,0,02e99bd4f6cfb33f
1493574180,2.39344263077,0,02e99bd4f6cfb33f
1493574240,2.67213106155,0,02e99bd4f6cfb33f
1493574300,2.70491814613,0,02e99bd4f6cfb33f
1493574360,2.50819683075,0,02e99bd4f6cfb33f
1493574420,2.45901632309,0,02e99bd4f6cfb33f
1493574480,2.75409841537,0,02e99bd4f6cfb33f
1493574540,2.49180316925,0,02e99bd4f6cfb33f
1493574600,2.1803278923,0,02e99bd4f6cfb33f
1493574660,2.2786884307900004,0,02e99bd4f6cfb33f
1493574720,2.50819683075,0,02e99bd4f6cfb33f
1493574780,2.7377049922900003,0,02e99bd4f6cfb33f
1493574840,2.5737705230700003,0,02e99bd4f6cfb33f
1493574900,2.44262290001,0,02e99bd4f6cfb33f
1493574960,2.68852448463,0,02e99bd4f6cfb33f
1493575020,2.70491814613,0,02e99bd4f6cfb33f
1493575080,2.85245895386,0,02e99bd4f6cfb33f
1493575140,2.7704918384599995,0,02e99bd4f6cfb33f
1493575200,2.83606553078,0,02e99bd4f6cfb33f
1493575260,2.85245895386,0,02e99bd4f6cfb33f
1493575320,2.7377049922900003,0,02e99bd4f6cfb33f
1493575380,2.62295079231,0,02e99bd4f6cfb33f
1493575440,2.50819683075,0,02e99bd4f6cfb33f
1493575500,2.52459025383,0,02e99bd4f6cfb33f
1493575560,2.72131156921,0,02e99bd4f6cfb33f
1493575620,2.60655736923,0,02e99bd4f6cfb33f
1493575680,2.63934421539,0,02e99bd4f6cfb33f
1493575740,2.72131156921,0,02e99bd4f6cfb33f
1493575800,2.68852448463,0,02e99bd4f6cfb33f
1493575860,2.49180316925,0,02e99bd4f6cfb33f
1493575920,2.68852448463,0,02e99bd4f6cfb33f
1493575980,2.68852448463,0,02e99bd4f6cfb33f
1493576040,2.63934421539,0,02e99bd4f6cfb33f
1493576100,2.7377049922900003,0,02e99bd4f6cfb33f
1493576160,2.95081973076,0,02e99bd4f6cfb33f
1493576220,2.68852448463,0,02e99bd4f6cfb33f
1493576280,2.42622947693,0,02e99bd4f6cfb33f
1493576340,2.62295079231,0,02e99bd4f6cfb33f
1493576400,2.63934421539,0,02e99bd4f6cfb33f
1493576460,2.3770492076900003,0,02e99bd4f6cfb33f
1493576520,2.36065578461,0,02e99bd4f6cfb33f
1493576580,2.26229500771,0,02e99bd4f6cfb33f
1493576640,2.09836053848,0,02e99bd4f6cfb33f
1493576700,2.50819683075,0,02e99bd4f6cfb33f
1493576760,2.75409841537,0,02e99bd4f6cfb33f
1493576820,2.70491814613,0,02e99bd4f6cfb33f
1493576880,2.68852448463,0,02e99bd4f6cfb33f
1493576940,2.59016394615,0,02e99bd4f6cfb33f
1493577000,2.67213106155,0,02e99bd4f6cfb33f
1493577060,2.5737705230700003,0,02e99bd4f6cfb33f
1493577120,2.39344263077,0,02e99bd4f6cfb33f
1493577180,2.3770492076900003,0,02e99bd4f6cfb33f
1493577240,2.31147551537,0,02e99bd4f6cfb33f
1493577300,2.34426236153,0,02e99bd4f6cfb33f
1493577360,2.44262290001,0,02e99bd4f6cfb33f
1493577420,2.55737709999,0,02e99bd4f6cfb33f
1493577480,2.7377049922900003,0,02e99bd4f6cfb33f
1493577540,2.52459025383,0,02e99bd4f6cfb33f
1493577600,2.63934421539,0,02e99bd4f6cfb33f
1493577660,2.70491814613,0,02e99bd4f6cfb33f
1493577720,2.44262290001,0,02e99bd4f6cfb33f
1493577780,2.3770492076900003,0,02e99bd4f6cfb33f
1493577840,2.3770492076900003,0,02e99bd4f6cfb33f
1493577900,2.50819683075,0,02e99bd4f6cfb33f
1493577960,2.59016394615,0,02e99bd4f6cfb33f
1493578020,2.95081973076,0,02e99bd4f6cfb33f
1493578080,2.83606553078,0,02e99bd4f6cfb33f
1493578140,2.52459025383,0,02e99bd4f6cfb33f
1493578200,2.54098367691,0,02e99bd4f6cfb33f
1493578260,2.68852448463,0,02e99bd4f6cfb33f
1493578320,2.75862073898,0,02e99bd4f6cfb33f
1493578380,2.7833333015400004,0,02e99bd4f6cfb33f
1493578440,2.79999995232,0,02e99bd4f6cfb33f
1493578500,2.84999990463,0,02e99bd4f6cfb33f
1493578560,2.8196721077,0,02e99bd4f6cfb33f
1493578620,2.7068965435,0,02e99bd4f6cfb33f
1493578680,2.7868852615400006,0,02e99bd4f6cfb33f
1493578740,2.40983605385,0,02e99bd4f6cfb33f
1493578800,2.5737705230700003,0,02e99bd4f6cfb33f
1493578860,2.50819683075,0,02e99bd4f6cfb33f
1493578920,2.52459025383,0,02e99bd4f6cfb33f
1493578980,2.39344263077,0,02e99bd4f6cfb33f
1493579040,2.67213106155,0,02e99bd4f6cfb33f
1493579100,2.8852458000200003,0,02e99bd4f6cfb33f
1493579160,2.95081973076,0,02e99bd4f6cfb33f
1493579220,2.69491529465,0,02e99bd4f6cfb33f
1493579280,2.67213106155,0,02e99bd4f6cfb33f
1493579340,2.67213106155,0,02e99bd4f6cfb33f
1493579400,2.5737705230700003,0,02e99bd4f6cfb33f
1493579460,2.72131156921,0,02e99bd4f6cfb33f
1493579520,2.75409841537,0,02e99bd4f6cfb33f
1493579580,2.7377049922900003,0,02e99bd4f6cfb33f
1493579640,2.7704918384599995,0,02e99bd4f6cfb33f
1493579700,2.85245895386,0,02e99bd4f6cfb33f
1493579760,2.65573763847,0,02e99bd4f6cfb33f
1493579820,2.68852448463,0,02e99bd4f6cfb33f
1493579880,2.80327868462,0,02e99bd4f6cfb33f
1493579940,2.83606553078,0,02e99bd4f6cfb33f
1493580000,2.54098367691,0,02e99bd4f6cfb33f
1493580060,2.50819683075,0,02e99bd4f6cfb33f
1493580120,2.52459025383,0,02e99bd4f6cfb33f
1493580180,2.70491814613,0,02e99bd4f6cfb33f
1493580240,2.75409841537,0,02e99bd4f6cfb33f
1493580300,2.63934421539,0,02e99bd4f6cfb33f
1493580360,2.7377049922900003,0,02e99bd4f6cfb33f
1493580420,2.80327868462,0,02e99bd4f6cfb33f
1493580480,2.7868852615400006,0,02e99bd4f6cfb33f
1493580540,2.54098367691,0,02e99bd4f6cfb33f
1493580600,2.3770492076900003,0,02e99bd4f6cfb33f
1493580660,2.31147551537,0,02e99bd4f6cfb33f
1493580720,2.60655736923,0,02e99bd4f6cfb33f
1493580780,2.45901632309,0,02e99bd4f6cfb33f
1493580840,2.49180316925,0,02e99bd4f6cfb33f
1493580900,2.24590158463,0,02e99bd4f6cfb33f
1493580960,2.50819683075,0,02e99bd4f6cfb33f
1493581020,2.47540974617,0,02e99bd4f6cfb33f
1493581080,2.34426236153,0,02e99bd4f6cfb33f
1493581140,2.62295079231,0,02e99bd4f6cfb33f
1493581200,2.34426236153,0,02e99bd4f6cfb33f
1493581260,2.47540974617,0,02e99bd4f6cfb33f
1493581320,2.65573763847,0,02e99bd4f6cfb33f
1493581380,2.80327868462,0,02e99bd4f6cfb33f
1493581440,2.7868852615400006,0,02e99bd4f6cfb33f
1493581500,2.7377049922900003,0,02e99bd4f6cfb33f
1493581560,2.59016394615,0,02e99bd4f6cfb33f
1493581620,2.26229500771,0,02e99bd4f6cfb33f
1493581680,2.01639342308,0,02e99bd4f6cfb33f
1493581740,2.29508185387,0,02e99bd4f6cfb33f
1493581800,2.19672131538,0,02e99bd4f6cfb33f
1493581860,2.24590158463,0,02e99bd4f6cfb33f
1493581920,2.42622947693,0,02e99bd4f6cfb33f
1493581980,2.54098367691,0,02e99bd4f6cfb33f
1493582040,2.5737705230700003,0,02e99bd4f6cfb33f
1493582100,2.42622947693,0,02e99bd4f6cfb33f
1493582160,2.44262290001,0,02e99bd4f6cfb33f
1493582220,2.36065578461,0,02e99bd4f6cfb33f
1493582280,2.21311473846,0,02e99bd4f6cfb33f
1493582340,2.22950816154,0,02e99bd4f6cfb33f
1493582400,2.36065578461,0,02e99bd4f6cfb33f
1493582460,2.36065578461,0,02e99bd4f6cfb33f
1493582520,2.72131156921,0,02e99bd4f6cfb33f
1493582580,2.7868852615400006,0,02e99bd4f6cfb33f
1493582640,2.40983605385,0,02e99bd4f6cfb33f
1493582700,2.1803278923,0,02e99bd4f6cfb33f
1493582760,2.2786884307900004,0,02e99bd4f6cfb33f
1493582820,2.09836053848,0,02e99bd4f6cfb33f
1493582880,2.40983605385,0,02e99bd4f6cfb33f
1493582940,2.29508185387,0,02e99bd4f6cfb33f
1493583000,2.54098367691,0,02e99bd4f6cfb33f
1493583060,2.75409841537,0,02e99bd4f6cfb33f
1493583120,2.7704918384599995,0,02e99bd4f6cfb33f
1493583180,2.54098367691,0,02e99bd4f6cfb33f
1493583240,2.29508185387,0,02e99bd4f6cfb33f
1493583300,2.31147551537,0,02e99bd4f6cfb33f
1493583360,2.47540974617,0,02e99bd4f6cfb33f
1493583420,2.70491814613,0,02e99bd4f6cfb33f
1493583480,2.7704918384599995,0,02e99bd4f6cfb33f
1493583540,2.2786884307900004,0,02e99bd4f6cfb33f
1493583600,2.39344263077,0,02e99bd4f6cfb33f
1493583660,2.44262290001,0,02e99bd4f6cfb33f
1493583720,2.29508185387,0,02e99bd4f6cfb33f
1493583780,2.16393446922,0,02e99bd4f6cfb33f
1493583840,2.11475419998,0,02e99bd4f6cfb33f
1493583900,2.13114762306,0,02e99bd4f6cfb33f
1493583960,2.19672131538,0,02e99bd4f6cfb33f
1493584020,2.42622947693,0,02e99bd4f6cfb33f
1493584080,2.36065578461,0,02e99bd4f6cfb33f
1493584140,2.44262290001,0,02e99bd4f6cfb33f
1493584200,2.5737705230700003,0,02e99bd4f6cfb33f
1493584260,2.80327868462,0,02e99bd4f6cfb33f
1493584320,2.67213106155,0,02e99bd4f6cfb33f
1493584380,2.54098367691,0,02e99bd4f6cfb33f
1493584440,2.36065578461,0,02e99bd4f6cfb33f
1493584500,2.19672131538,0,02e99bd4f6cfb33f
1493584560,2.1803278923,0,02e99bd4f6cfb33f
1493584620,1.98360657692,0,02e99bd4f6cfb33f
1493584680,2.22950816154,0,02e99bd4f6cfb33f
1493584740,2.16393446922,0,02e99bd4f6cfb33f
1493584800,2.09836053848,0,02e99bd4f6cfb33f
1493584860,2.2786884307900004,0,02e99bd4f6cfb33f
1493584920,2.06557369232,0,02e99bd4f6cfb33f
1493584980,2.14754104614,0,02e99bd4f6cfb33f
1493585040,2.21311473846,0,02e99bd4f6cfb33f
1493585100,2.19672131538,0,02e99bd4f6cfb33f
1493585160,2.39344263077,0,02e99bd4f6cfb33f
1493585220,2.29508185387,0,02e99bd4f6cfb33f
1493585280,2.34426236153,0,02e99bd4f6cfb33f
1493585340,2.09836053848,0,02e99bd4f6cfb33f
1493585400,2.0819671154,0,02e99bd4f6cfb33f
1493585460,2.01639342308,0,02e99bd4f6cfb33f
1493585520,2.32786893845,0,02e99bd4f6cfb33f
1493585580,2.5737705230700003,0,02e99bd4f6cfb33f
1493585640,2.39344263077,0,02e99bd4f6cfb33f
1493585700,2.39344263077,0,02e99bd4f6cfb33f
1493585760,2.54098367691,0,02e99bd4f6cfb33f
1493585820,2.59016394615,0,02e99bd4f6cfb33f
1493585880,2.52459025383,0,02e99bd4f6cfb33f
1493585940,2.42622947693,0,02e99bd4f6cfb33f
1493586000,2.47540974617,0,02e99bd4f6cfb33f
1493586060,2.31147551537,0,02e99bd4f6cfb33f
1493586120,2.21311473846,0,02e99bd4f6cfb33f
1493586180,2.32786893845,0,02e99bd4f6cfb33f
1493586240,2.44262290001,0,02e99bd4f6cfb33f
1493586300,2.26229500771,0,02e99bd4f6cfb33f
1493586360,2.49180316925,0,02e99bd4f6cfb33f
1493586420,2.42622947693,0,02e99bd4f6cfb33f
1493586480,2.39344263077,0,02e99bd4f6cfb33f
1493586540,2.34426236153,0,02e99bd4f6cfb33f
1493586600,2.2786884307900004,0,02e99bd4f6cfb33f
1493586660,2.13114762306,0,02e99bd4f6cfb33f
1493586720,2.21311473846,0,02e99bd4f6cfb33f
1493586780,2.40983605385,0,02e99bd4f6cfb33f
1493586840,2.47540974617,0,02e99bd4f6cfb33f
1493586900,2.52459025383,0,02e99bd4f6cfb33f
1493586960,2.59016394615,0,02e99bd4f6cfb33f
1493587020,2.59016394615,0,02e99bd4f6cfb33f
1493587080,2.62295079231,0,02e99bd4f6cfb33f
1493587140,2.63934421539,0,02e99bd4f6cfb33f
1493587200,2.29508185387,0,02e99bd4f6cfb33f
1493587260,1.98360657692,0,02e99bd4f6cfb33f
1493587320,2.11475419998,0,02e99bd4f6cfb33f
1493587380,1.93442618847,0,02e99bd4f6cfb33f
1493587440,2.09836053848,0,02e99bd4f6cfb33f
1493587500,2.32786893845,0,02e99bd4f6cfb33f
1493587560,2.50819683075,0,02e99bd4f6cfb33f
1493587620,2.31147551537,0,02e99bd4f6cfb33f
1493587680,2.49180316925,0,02e99bd4f6cfb33f
1493587740,2.34426236153,0,02e99bd4f6cfb33f
1493587800,2.24590158463,0,02e99bd4f6cfb33f
1493587860,2.49180316925,0,02e99bd4f6cfb33f
1493587920,2.16393446922,0,02e99bd4f6cfb33f
1493587980,2.39344263077,0,02e99bd4f6cfb33f
1493588040,2.26229500771,0,02e99bd4f6cfb33f
1493588100,2.2786884307900004,0,02e99bd4f6cfb33f
1493588160,1.96721315384,0,02e99bd4f6cfb33f
1493588220,2.0,0,02e99bd4f6cfb33f
1493588280,2.16393446922,0,02e99bd4f6cfb33f
1493588340,2.09836053848,0,02e99bd4f6cfb33f
1493588400,2.39344263077,0,02e99bd4f6cfb33f
1493588460,2.24590158463,0,02e99bd4f6cfb33f
1493588520,2.16393446922,0,02e99bd4f6cfb33f
1493588580,2.29508185387,0,02e99bd4f6cfb33f
1493588640,2.63934421539,0,02e99bd4f6cfb33f
1493588700,2.2786884307900004,0,02e99bd4f6cfb33f
1493588760,2.14754104614,0,02e99bd4f6cfb33f
1493588820,2.1803278923,0,02e99bd4f6cfb33f
1493588880,2.16393446922,0,02e99bd4f6cfb33f
1493588940,2.0,0,02e99bd4f6cfb33f
1493589000,2.0819671154,0,02e99bd4f6cfb33f
1493589060,2.40983605385,0,02e99bd4f6cfb33f
1493589120,2.24590158463,0,02e99bd4f6cfb33f
1493589180,2.39344263077,0,02e99bd4f6cfb33f
1493589240,2.42622947693,0,02e99bd4f6cfb33f
1493589300,2.3770492076900003,0,02e99bd4f6cfb33f
1493589360,2.31147551537,0,02e99bd4f6cfb33f
1493589420,2.22950816154,0,02e99bd4f6cfb33f
1493589480,2.06557369232,0,02e99bd4f6cfb33f
1493589540,2.24590158463,0,02e99bd4f6cfb33f
1493589600,2.54098367691,0,02e99bd4f6cfb33f
1493589660,2.5737705230700003,0,02e99bd4f6cfb33f
1493589720,2.7704918384599995,0,02e99bd4f6cfb33f
1493589780,2.47540974617,0,02e99bd4f6cfb33f
1493589840,2.54098367691,0,02e99bd4f6cfb33f
1493589900,2.5,0,02e99bd4f6cfb33f
1493589960,2.44262290001,0,02e99bd4f6cfb33f
1493590020,2.59016394615,0,02e99bd4f6cfb33f
1493590080,2.60655736923,0,02e99bd4f6cfb33f
1493590140,2.49180316925,0,02e99bd4f6cfb33f
1493590200,2.29508185387,0,02e99bd4f6cfb33f
1493590260,2.59016394615,0,02e99bd4f6cfb33f
1493590320,2.55737709999,0,02e99bd4f6cfb33f
1493590380,2.32786893845,0,02e99bd4f6cfb33f
1493590440,2.44262290001,0,02e99bd4f6cfb33f
1493590500,2.52459025383,0,02e99bd4f6cfb33f
1493590560,2.32786893845,0,02e99bd4f6cfb33f
1493590620,2.62295079231,0,02e99bd4f6cfb33f
1493590680,2.83606553078,0,02e99bd4f6cfb33f
1493590740,2.83606553078,0,02e99bd4f6cfb33f
1493590800,2.50819683075,0,02e99bd4f6cfb33f
1493590860,2.39344263077,0,02e99bd4f6cfb33f
1493590920,2.01639342308,0,02e99bd4f6cfb33f
1493590980,2.0491802692400003,0,02e99bd4f6cfb33f
1493591040,2.0491802692400003,0,02e99bd4f6cfb33f
1493591100,2.29508185387,0,02e99bd4f6cfb33f
1493591160,2.34426236153,0,02e99bd4f6cfb33f
1493591220,2.52459025383,0,02e99bd4f6cfb33f
1493591280,2.44262290001,0,02e99bd4f6cfb33f
1493591340,2.29508185387,0,02e99bd4f6cfb33f
1493591400,2.36065578461,0,02e99bd4f6cfb33f
1493591460,2.55737709999,0,02e99bd4f6cfb33f
1493591520,2.5737705230700003,0,02e99bd4f6cfb33f
1493591580,2.40983605385,0,02e99bd4f6cfb33f
1493591640,2.36065578461,0,02e99bd4f6cfb33f
1493591700,2.42622947693,0,02e99bd4f6cfb33f
1493591760,2.34426236153,0,02e99bd4f6cfb33f
1493591820,2.40983605385,0,02e99bd4f6cfb33f
1493591880,2.29508185387,0,02e99bd4f6cfb33f
1493591940,2.01639342308,0,02e99bd4f6cfb33f
1493592000,2.19672131538,0,02e99bd4f6cfb33f
1493592060,2.42622947693,0,02e99bd4f6cfb33f
1493592120,2.8852458000200003,0,02e99bd4f6cfb33f
1493592180,2.72131156921,0,02e99bd4f6cfb33f
1493592240,2.75409841537,0,02e99bd4f6cfb33f
1493592300,2.7377049922900003,0,02e99bd4f6cfb33f
1493592360,2.52459025383,0,02e99bd4f6cfb33f
1493592420,2.11475419998,0,02e99bd4f6cfb33f
1493592480,2.03278684616,0,02e99bd4f6cfb33f
1493592540,2.36065578461,0,02e99bd4f6cfb33f
1493592600,2.22950816154,0,02e99bd4f6cfb33f
1493592660,2.21311473846,0,02e99bd4f6cfb33f
1493592720,2.21311473846,0,02e99bd4f6cfb33f
1493592780,2.62295079231,0,02e99bd4f6cfb33f
1493592840,2.55737709999,0,02e99bd4f6cfb33f
1493592900,2.52459025383,0,02e99bd4f6cfb33f
1493592960,2.62295079231,0,02e99bd4f6cfb33f
1493593020,2.59016394615,0,02e99bd4f6cfb33f
1493593080,2.72131156921,0,02e99bd4f6cfb33f
1493593140,2.68852448463,0,02e99bd4f6cfb33f
1493593200,2.7704918384599995,0,02e99bd4f6cfb33f
1493593260,2.55737709999,0,02e99bd4f6cfb33f
1493593320,2.31147551537,0,02e99bd4f6cfb33f
1493593380,2.31147551537,0,02e99bd4f6cfb33f
1493593440,2.14754104614,0,02e99bd4f6cfb33f
1493593500,2.24590158463,0,02e99bd4f6cfb33f
1493593560,2.59016394615,0,02e99bd4f6cfb33f
1493593620,2.5737705230700003,0,02e99bd4f6cfb33f
1493593680,2.1803278923,0,02e99bd4f6cfb33f
1493593740,2.14754104614,0,02e99bd4f6cfb33f
1493593800,2.32786893845,0,02e99bd4f6cfb33f
1493593860,2.49180316925,0,02e99bd4f6cfb33f
1493593920,2.65573763847,0,02e99bd4f6cfb33f
1493593980,2.3666665554,0,02e99bd4f6cfb33f
1493594040,2.29508185387,0,02e99bd4f6cfb33f
1493594100,2.03278684616,0,02e99bd4f6cfb33f
1493594160,2.31147551537,0,02e99bd4f6cfb33f
1493594220,2.24590158463,0,02e99bd4f6cfb33f
1493594280,2.14754104614,0,02e99bd4f6cfb33f
1493594340,2.03278684616,0,02e99bd4f6cfb33f
1493594400,2.19672131538,0,02e99bd4f6cfb33f
1493594460,2.24590158463,0,02e99bd4f6cfb33f
1493594520,2.32786893845,0,02e99bd4f6cfb33f
1493594580,2.19672131538,0,02e99bd4f6cfb33f
1493594640,2.1803278923,0,02e99bd4f6cfb33f
1493594700,2.39344263077,0,02e99bd4f6cfb33f
1493594760,2.62295079231,0,02e99bd4f6cfb33f
1493594820,2.68852448463,0,02e99bd4f6cfb33f
1493594880,2.7704918384599995,0,02e99bd4f6cfb33f
1493594940,2.5737705230700003,0,02e99bd4f6cfb33f
1493595000,2.62295079231,0,02e99bd4f6cfb33f
1493595060,2.24590158463,0,02e99bd4f6cfb33f
1493595120,2.39344263077,0,02e99bd4f6cfb33f
1493595180,2.45901632309,0,02e99bd4f6cfb33f
1493595240,2.32786893845,0,02e99bd4f6cfb33f
1493595300,2.29508185387,0,02e99bd4f6cfb33f
1493595360,2.22950816154,0,02e99bd4f6cfb33f
1493595420,2.26229500771,0,02e99bd4f6cfb33f
1493595480,2.39344263077,0,02e99bd4f6cfb33f
1493595540,2.2786884307900004,0,02e99bd4f6cfb33f
1493595600,2.31147551537,0,02e99bd4f6cfb33f
1493595660,2.13114762306,0,02e99bd4f6cfb33f
1493595720,2.21311473846,0,02e99bd4f6cfb33f
1493595780,2.16393446922,0,02e99bd4f6cfb33f
1493595840,2.40983605385,0,02e99bd4f6cfb33f
1493595900,2.45901632309,0,02e99bd4f6cfb33f
1493595960,2.39344263077,0,02e99bd4f6cfb33f
1493596020,2.3770492076900003,0,02e99bd4f6cfb33f
1493596080,2.63934421539,0,02e99bd4f6cfb33f
1493596140,2.62295079231,0,02e99bd4f6cfb33f
1493596200,2.5737705230700003,0,02e99bd4f6cfb33f
1493596260,2.42622947693,0,02e99bd4f6cfb33f
1493596320,2.34426236153,0,02e99bd4f6cfb33f
1493596380,2.55737709999,0,02e99bd4f6cfb33f
1493596440,2.68852448463,0,02e99bd4f6cfb33f
1493596500,2.87931036949,0,02e99bd4f6cfb33f
1493596560,2.91071438789,0,02e99bd4f6cfb33f
1493596620,2.52542376518,0,02e99bd4f6cfb33f
1493596680,2.40000009537,0,02e99bd4f6cfb33f
1493596740,2.44262290001,0,02e99bd4f6cfb33f
1493596800,2.52459025383,0,02e99bd4f6cfb33f
1493596860,2.21666669846,0,02e99bd4f6cfb33f
1493596920,1.92982459068,0,02e99bd4f6cfb33f
1493596980,2.24137926102,0,02e99bd4f6cfb33f
1493597040,2.45901632309,0,02e99bd4f6cfb33f
1493597100,2.49180316925,0,02e99bd4f6cfb33f
1493597160,2.39344263077,0,02e99bd4f6cfb33f
1493597220,2.59016394615,0,02e99bd4f6cfb33f
1493597280,2.62295079231,0,02e99bd4f6cfb33f
1493597340,2.59016394615,0,02e99bd4f6cfb33f
1493597400,2.96721315384,0,02e99bd4f6cfb33f
1493597460,2.83606553078,0,02e99bd4f6cfb33f
1493597520,2.9016394615200003,0,02e99bd4f6cfb33f
1493597580,2.93442630768,0,02e99bd4f6cfb33f
1493597640,2.9016394615200003,0,02e99bd4f6cfb33f
1493597700,2.8852458000200003,0,02e99bd4f6cfb33f
1493597760,2.67213106155,0,02e99bd4f6cfb33f
1493597820,2.2786884307900004,0,02e99bd4f6cfb33f
1493597880,2.34426236153,0,02e99bd4f6cfb33f
1493597940,2.26229500771,0,02e99bd4f6cfb33f
1493598000,2.2786884307900004,0,02e99bd4f6cfb33f
1493598060,2.50819683075,0,02e99bd4f6cfb33f
1493598120,2.70491814613,0,02e99bd4f6cfb33f
1493598180,2.86885237694,0,02e99bd4f6cfb33f
1493598240,2.68852448463,0,02e99bd4f6cfb33f
1493598300,2.49180316925,0,02e99bd4f6cfb33f
1493598360,2.62295079231,0,02e99bd4f6cfb33f
1493598420,2.63934421539,0,02e99bd4f6cfb33f
1493598480,2.54098367691,0,02e99bd4f6cfb33f
1493598540,2.67213106155,0,02e99bd4f6cfb33f
1493598600,2.8196721077,0,02e99bd4f6cfb33f
1493598660,2.50819683075,0,02e99bd4f6cfb33f
1493598720,2.5737705230700003,0,02e99bd4f6cfb33f
1493598780,2.7868852615400006,0,02e99bd4f6cfb33f
1493598840,2.63934421539,0,02e99bd4f6cfb33f
1493598900,2.7704918384599995,0,02e99bd4f6cfb33f
1493598960,2.65573763847,0,02e99bd4f6cfb33f
1493599020,2.80327868462,0,02e99bd4f6cfb33f
1493599080,2.68852448463,0,02e99bd4f6cfb33f
1493599140,2.7704918384599995,0,02e99bd4f6cfb33f
1493599200,2.9016394615200003,0,02e99bd4f6cfb33f
1493599260,2.60655736923,0,02e99bd4f6cfb33f
1493599320,2.70491814613,0,02e99bd4f6cfb33f
1493599380,2.40983605385,0,02e99bd4f6cfb33f
1493599440,2.55737709999,0,02e99bd4f6cfb33f
1493599500,2.5737705230700003,0,02e99bd4f6cfb33f
1493599560,2.47540974617,0,02e99bd4f6cfb33f
1493599620,2.40983605385,0,02e99bd4f6cfb33f
1493599680,2.40983605385,0,02e99bd4f6cfb33f
1493599740,2.39344263077,0,02e99bd4f6cfb33f
1493599800,2.50819683075,0,02e99bd4f6cfb33f
1493599860,2.54098367691,0,02e99bd4f6cfb33f
1493599920,2.63934421539,0,02e99bd4f6cfb33f
1493599980,2.60655736923,0,02e99bd4f6cfb33f
1493600040,2.42622947693,0,02e99bd4f6cfb33f
1493600100,2.42622947693,0,02e99bd4f6cfb33f
1493600160,2.42622947693,0,02e99bd4f6cfb33f
1493600220,2.59016394615,0,02e99bd4f6cfb33f
1493600280,2.75409841537,0,02e99bd4f6cfb33f
1493600340,2.47540974617,0,02e99bd4f6cfb33f
1493600400,2.62295079231,0,02e99bd4f6cfb33f
1493600460,2.9016394615200003,0,02e99bd4f6cfb33f
1493600520,2.70491814613,0,02e99bd4f6cfb33f
1493600580,2.63934421539,0,02e99bd4f6cfb33f
1493600640,2.63934421539,0,02e99bd4f6cfb33f
1493600700,2.85245895386,0,02e99bd4f6cfb33f
1493600760,3.0,0,02e99bd4f6cfb33f
1493600820,2.75409841537,0,02e99bd4f6cfb33f
1493600880,2.59016394615,0,02e99bd4f6cfb33f
1493600940,2.68852448463,0,02e99bd4f6cfb33f
1493601000,2.9016394615200003,0,02e99bd4f6cfb33f
1493601060,2.72131156921,0,02e99bd4f6cfb33f
1493601120,2.59016394615,0,02e99bd4f6cfb33f
1493601180,2.85245895386,0,02e99bd4f6cfb33f
1493601240,2.62295079231,0,02e99bd4f6cfb33f
1493601300,2.7377049922900003,0,02e99bd4f6cfb33f
1493601360,2.8852458000200003,0,02e99bd4f6cfb33f
1493601420,2.8852458000200003,0,02e99bd4f6cfb33f
1493601480,2.65573763847,0,02e99bd4f6cfb33f
1493601540,2.5737705230700003,0,02e99bd4f6cfb33f
1493601600,2.49180316925,0,02e99bd4f6cfb33f
1493601660,2.7377049922900003,0,02e99bd4f6cfb33f
1493601720,2.63934421539,0,02e99bd4f6cfb33f
1493601780,2.62295079231,0,02e99bd4f6cfb33f
1493601840,2.67213106155,0,02e99bd4f6cfb33f
1493601900,2.80327868462,0,02e99bd4f6cfb33f
1493601960,2.7704918384599995,0,02e99bd4f6cfb33f
1493602020,2.75409841537,0,02e99bd4f6cfb33f
1493602080,2.8852458000200003,0,02e99bd4f6cfb33f
1493602140,2.96721315384,0,02e99bd4f6cfb33f
1493602200,2.9016394615200003,0,02e99bd4f6cfb33f
1493602260,2.7377049922900003,0,02e99bd4f6cfb33f
1493602320,2.60655736923,0,02e99bd4f6cfb33f
1493602380,2.7704918384599995,0,02e99bd4f6cfb33f
1493602440,2.8196721077,0,02e99bd4f6cfb33f
1493602500,2.9180328846,0,02e99bd4f6cfb33f
1493602560,2.9016394615200003,0,02e99bd4f6cfb33f
1493602620,2.83606553078,0,02e99bd4f6cfb33f
1493602680,2.7833333015400004,0,02e99bd4f6cfb33f
1493602740,2.80327868462,0,02e99bd4f6cfb33f
1493602800,2.8852458000200003,0,02e99bd4f6cfb33f
1493602860,2.70491814613,0,02e99bd4f6cfb33f
1493602920,2.68852448463,0,02e99bd4f6cfb33f
1493602980,2.9016394615200003,0,02e99bd4f6cfb33f
1493603040,2.9016394615200003,0,02e99bd4f6cfb33f
1493603100,2.85245895386,0,02e99bd4f6cfb33f
1493603160,2.93442630768,0,02e99bd4f6cfb33f
1493603220,2.80327868462,0,02e99bd4f6cfb33f
1493603280,2.86885237694,0,02e99bd4f6cfb33f
1493603340,2.80327868462,0,02e99bd4f6cfb33f
1493603400,2.7704918384599995,0,02e99bd4f6cfb33f
1493603460,2.95081973076,0,02e99bd4f6cfb33f
1493603520,2.72131156921,0,02e99bd4f6cfb33f
1493603580,2.5737705230700003,0,02e99bd4f6cfb33f
1493603640,2.75409841537,0,02e99bd4f6cfb33f
1493603700,2.83606553078,0,02e99bd4f6cfb33f
1493603760,2.70491814613,0,02e99bd4f6cfb33f
1493603820,2.63934421539,0,02e99bd4f6cfb33f
1493603880,2.50819683075,0,02e99bd4f6cfb33f
1493603940,2.52459025383,0,02e99bd4f6cfb33f
1493604000,2.42622947693,0,02e99bd4f6cfb33f
1493604060,2.62295079231,0,02e99bd4f6cfb33f
1493604120,2.7868852615400006,0,02e99bd4f6cfb33f
1493604180,2.98360657692,0,02e99bd4f6cfb33f
1493604240,2.8852458000200003,0,02e99bd4f6cfb33f
1493604300,2.67213106155,0,02e99bd4f6cfb33f
1493604360,2.7868852615400006,0,02e99bd4f6cfb33f
1493604420,2.85245895386,0,02e99bd4f6cfb33f
1493604480,2.7377049922900003,0,02e99bd4f6cfb33f
1493604540,2.75409841537,0,02e99bd4f6cfb33f
1493604600,2.80327868462,0,02e99bd4f6cfb33f
1493604660,2.62295079231,0,02e99bd4f6cfb33f
1493604720,2.70491814613,0,02e99bd4f6cfb33f
1493604780,2.96721315384,0,02e99bd4f6cfb33f
1493604840,2.75409841537,0,02e99bd4f6cfb33f
1493604900,2.70491814613,0,02e99bd4f6cfb33f
1493604960,2.83606553078,0,02e99bd4f6cfb33f
1493605020,2.83606553078,0,02e99bd4f6cfb33f
1493605080,2.96721315384,0,02e99bd4f6cfb33f
1493605140,2.9016394615200003,0,02e99bd4f6cfb33f
1493605200,2.7377049922900003,0,02e99bd4f6cfb33f
1493605260,2.85245895386,0,02e99bd4f6cfb33f
1493605320,2.8196721077,0,02e99bd4f6cfb33f
1493605380,2.9016394615200003,0,02e99bd4f6cfb33f
1493605440,2.9180328846,0,02e99bd4f6cfb33f
1493605500,2.8852458000200003,0,02e99bd4f6cfb33f
1493605560,2.7868852615400006,0,02e99bd4f6cfb33f
1493605620,2.65573763847,0,02e99bd4f6cfb33f
1493605680,2.93442630768,0,02e99bd4f6cfb33f
1493605740,3.09836053848,0,02e99bd4f6cfb33f
1493605800,3.13114762306,0,02e99bd4f6cfb33f
1493605860,2.9180328846,0,02e99bd4f6cfb33f
1493605920,2.80327868462,0,02e99bd4f6cfb33f
1493605980,2.85245895386,0,02e99bd4f6cfb33f
1493606040,2.9016394615200003,0,02e99bd4f6cfb33f
1493606100,2.60655736923,0,02e99bd4f6cfb33f
1493606160,2.83606553078,0,02e99bd4f6cfb33f
1493606220,2.70491814613,0,02e99bd4f6cfb33f
1493606280,2.63934421539,0,02e99bd4f6cfb33f
1493606340,2.63934421539,0,02e99bd4f6cfb33f
1493606400,2.67213106155,0,02e99bd4f6cfb33f
1493606460,2.68852448463,0,02e99bd4f6cfb33f
1493606520,2.7868852615400006,0,02e99bd4f6cfb33f
1493606580,2.7377049922900003,0,02e99bd4f6cfb33f
1493606640,2.9016394615200003,0,02e99bd4f6cfb33f
1493606700,3.0,0,02e99bd4f6cfb33f
1493606760,2.83606553078,0,02e99bd4f6cfb33f
1493606820,2.70491814613,0,02e99bd4f6cfb33f
1493606880,2.95000004768,0,02e99bd4f6cfb33f
1493606940,2.98360657692,0,02e99bd4f6cfb33f
1493607000,2.83606553078,0,02e99bd4f6cfb33f
1493607060,3.11475419998,0,02e99bd4f6cfb33f
1493607120,3.31147551537,0,02e99bd4f6cfb33f
1493607180,3.80327868462,0,02e99bd4f6cfb33f
1493607240,3.49180316925,0,02e99bd4f6cfb33f
1493607300,2.9016394615200003,0,02e99bd4f6cfb33f
1493607360,2.86885237694,0,02e99bd4f6cfb33f
1493607420,2.83606553078,0,02e99bd4f6cfb33f
1493607480,2.96721315384,0,02e99bd4f6cfb33f
1493607540,3.01639342308,0,02e99bd4f6cfb33f
1493607600,3.36065578461,0,02e99bd4f6cfb33f
1493607660,3.19672131538,0,02e99bd4f6cfb33f
1493607720,2.86885237694,0,02e99bd4f6cfb33f
1493607780,2.7868852615400006,0,02e99bd4f6cfb33f
1493607840,2.93442630768,0,02e99bd4f6cfb33f
1493607900,2.93442630768,0,02e99bd4f6cfb33f
1493607960,2.83606553078,0,02e99bd4f6cfb33f
1493608020,2.96721315384,0,02e99bd4f6cfb33f
1493608080,2.8852458000200003,0,02e99bd4f6cfb33f
1493608140,2.8852458000200003,0,02e99bd4f6cfb33f
1493608200,3.01639342308,0,02e99bd4f6cfb33f
1493608260,2.96721315384,0,02e99bd4f6cfb33f
1493608320,2.8852458000200003,0,02e99bd4f6cfb33f
1493608380,2.68852448463,0,02e99bd4f6cfb33f
1493608440,2.8196721077,0,02e99bd4f6cfb33f
1493608500,2.62295079231,0,02e99bd4f6cfb33f
1493608560,2.60655736923,0,02e99bd4f6cfb33f
1493608620,2.85245895386,0,02e99bd4f6cfb33f
1493608680,2.55737709999,0,02e99bd4f6cfb33f
1493608740,2.34426236153,0,02e99bd4f6cfb33f
1493608800,2.50819683075,0,02e99bd4f6cfb33f
1493608860,2.59016394615,0,02e99bd4f6cfb33f
1493608920,2.75409841537,0,02e99bd4f6cfb33f
1493608980,2.49180316925,0,02e99bd4f6cfb33f
1493609040,2.54999995232,0,02e99bd4f6cfb33f
1493609100,2.54098367691,0,02e99bd4f6cfb33f
1493609160,2.52459025383,0,02e99bd4f6cfb33f
1493609220,2.67213106155,0,02e99bd4f6cfb33f
1493609280,2.7377049922900003,0,02e99bd4f6cfb33f
1493609340,2.68852448463,0,02e99bd4f6cfb33f
1493609400,2.65573763847,0,02e99bd4f6cfb33f
1493609460,2.75409841537,0,02e99bd4f6cfb33f
1493609520,2.8196721077,0,02e99bd4f6cfb33f
1493609580,2.54098367691,0,02e99bd4f6cfb33f
1493609640,2.65573763847,0,02e99bd4f6cfb33f
1493609700,2.47540974617,0,02e99bd4f6cfb33f
1493609760,2.85245895386,0,02e99bd4f6cfb33f
1493609820,2.93442630768,0,02e99bd4f6cfb33f
1493609880,3.03278684616,0,02e99bd4f6cfb33f
1493609940,2.9180328846,0,02e99bd4f6cfb33f
1493610000,2.98360657692,0,02e99bd4f6cfb33f
1493610060,2.9180328846,0,02e99bd4f6cfb33f
1493610120,2.9016394615200003,0,02e99bd4f6cfb33f
1493610180,2.93442630768,0,02e99bd4f6cfb33f
1493610240,2.85245895386,0,02e99bd4f6cfb33f
1493610300,2.80327868462,0,02e99bd4f6cfb33f
1493610360,2.42622947693,0,02e99bd4f6cfb33f
1493610420,2.16393446922,0,02e99bd4f6cfb33f
1493610480,2.54098367691,0,02e99bd4f6cfb33f
1493610540,2.63934421539,0,02e99bd4f6cfb33f
1493610600,2.68852448463,0,02e99bd4f6cfb33f
1493610660,2.60655736923,0,02e99bd4f6cfb33f
1493610720,2.29508185387,0,02e99bd4f6cfb33f
1493610780,2.67213106155,0,02e99bd4f6cfb33f
1493610840,2.5737705230700003,0,02e99bd4f6cfb33f
1493610900,2.63934421539,0,02e99bd4f6cfb33f
1493610960,2.55737709999,0,02e99bd4f6cfb33f
1493611020,2.62295079231,0,02e99bd4f6cfb33f
1493611080,2.55737709999,0,02e99bd4f6cfb33f
1493611140,2.29508185387,0,02e99bd4f6cfb33f
1493611200,2.40983605385,0,02e99bd4f6cfb33f
1493611260,2.24590158463,0,02e99bd4f6cfb33f
1493611320,2.22950816154,0,02e99bd4f6cfb33f
1493611380,2.70491814613,0,02e99bd4f6cfb33f
1493611440,2.55737709999,0,02e99bd4f6cfb33f
1493611500,2.70491814613,0,02e99bd4f6cfb33f
1493611560,2.68965506554,0,02e99bd4f6cfb33f
1493611620,2.59999990463,0,02e99bd4f6cfb33f
1493611680,2.75409841537,0,02e99bd4f6cfb33f
1493611740,2.8852458000200003,0,02e99bd4f6cfb33f
1493611800,2.93442630768,0,02e99bd4f6cfb33f
1493611860,2.86885237694,0,02e99bd4f6cfb33f
1493611920,2.96721315384,0,02e99bd4f6cfb33f
1493611980,2.86885237694,0,02e99bd4f6cfb33f
1493612040,2.75409841537,0,02e99bd4f6cfb33f
1493612100,2.34426236153,0,02e99bd4f6cfb33f
1493612160,2.45901632309,0,02e99bd4f6cfb33f
1493612220,2.63934421539,0,02e99bd4f6cfb33f
1493612280,2.49180316925,0,02e99bd4f6cfb33f
1493612340,2.55737709999,0,02e99bd4f6cfb33f
1493612400,2.29508185387,0,02e99bd4f6cfb33f
1493612460,2.42622947693,0,02e99bd4f6cfb33f
1493612520,2.63934421539,0,02e99bd4f6cfb33f
1493612580,2.63934421539,0,02e99bd4f6cfb33f
1493612640,2.75409841537,0,02e99bd4f6cfb33f
1493612700,2.54098367691,0,02e99bd4f6cfb33f
1493612760,2.52459025383,0,02e99bd4f6cfb33f
1493612820,2.54098367691,0,02e99bd4f6cfb33f
1493612880,2.59016394615,0,02e99bd4f6cfb33f
1493612940,2.59016394615,0,02e99bd4f6cfb33f
1493613000,2.72131156921,0,02e99bd4f6cfb33f
1493613060,2.86885237694,0,02e99bd4f6cfb33f
1493613120,2.85245895386,0,02e99bd4f6cfb33f
1493613180,2.7868852615400006,0,02e99bd4f6cfb33f
1493613240,2.67213106155,0,02e99bd4f6cfb33f
1493613300,2.55737709999,0,02e99bd4f6cfb33f
1493613360,2.44262290001,0,02e99bd4f6cfb33f
1493613420,2.47540974617,0,02e99bd4f6cfb33f
1493613480,2.67213106155,0,02e99bd4f6cfb33f
1493613540,2.45901632309,0,02e99bd4f6cfb33f
1493613600,2.59016394615,0,02e99bd4f6cfb33f
1493613660,2.68852448463,0,02e99bd4f6cfb33f
1493613720,2.59016394615,0,02e99bd4f6cfb33f
1493613780,2.7377049922900003,0,02e99bd4f6cfb33f
1493613840,2.70491814613,0,02e99bd4f6cfb33f
1493613900,2.63934421539,0,02e99bd4f6cfb33f
1493613960,2.80327868462,0,02e99bd4f6cfb33f
1493614020,2.8852458000200003,0,02e99bd4f6cfb33f
1493614080,2.79999995232,0,02e99bd4f6cfb33f
1493614140,2.75409841537,0,02e99bd4f6cfb33f
1493614200,2.85245895386,0,02e99bd4f6cfb33f
1493614260,2.65573763847,0,02e99bd4f6cfb33f
1493614320,2.31147551537,0,02e99bd4f6cfb33f
1493614380,2.32786893845,0,02e99bd4f6cfb33f
1493614440,2.34999990463,0,02e99bd4f6cfb33f
1493614500,2.66666674614,0,02e99bd4f6cfb33f
1493614560,2.5737705230700003,0,02e99bd4f6cfb33f
1493614620,2.54098367691,0,02e99bd4f6cfb33f
1493614680,2.44262290001,0,02e99bd4f6cfb33f
1493614740,2.25,0,02e99bd4f6cfb33f
1493614800,1.98333334923,0,02e99bd4f6cfb33f
1493614860,2.29508185387,0,02e99bd4f6cfb33f
1493614920,2.14754104614,0,02e99bd4f6cfb33f
1493614980,2.62295079231,0,02e99bd4f6cfb33f
1493615040,2.50819683075,0,02e99bd4f6cfb33f
1493615100,2.24590158463,0,02e99bd4f6cfb33f
1493615160,2.19672131538,0,02e99bd4f6cfb33f
1493615220,2.03278684616,0,02e99bd4f6cfb33f
1493615280,2.21311473846,0,02e99bd4f6cfb33f
1493615340,2.36065578461,0,02e99bd4f6cfb33f
1493615400,2.65573763847,0,02e99bd4f6cfb33f
1493615460,2.7868852615400006,0,02e99bd4f6cfb33f
1493615520,2.70491814613,0,02e99bd4f6cfb33f
1493615580,2.3770492076900003,0,02e99bd4f6cfb33f
1493615640,2.45901632309,0,02e99bd4f6cfb33f
1493615700,2.70491814613,0,02e99bd4f6cfb33f
1493615760,2.59016394615,0,02e99bd4f6cfb33f
1493615820,2.26229500771,0,02e99bd4f6cfb33f
1493615880,2.52459025383,0,02e99bd4f6cfb33f
1493615940,2.47540974617,0,02e99bd4f6cfb33f
1493616000,2.29508185387,0,02e99bd4f6cfb33f
1493616060,2.34426236153,0,02e99bd4f6cfb33f
1493616120,2.40983605385,0,02e99bd4f6cfb33f
1493616180,2.39344263077,0,02e99bd4f6cfb33f
1493616240,2.2786884307900004,0,02e99bd4f6cfb33f
1493616300,2.0,0,02e99bd4f6cfb33f
1493616360,2.21311473846,0,02e99bd4f6cfb33f
1493616420,2.40983605385,0,02e99bd4f6cfb33f
1493616480,2.26229500771,0,02e99bd4f6cfb33f
1493616540,1.98360657692,0,02e99bd4f6cfb33f
1493616600,2.44262290001,0,02e99bd4f6cfb33f
1493616660,2.42622947693,0,02e99bd4f6cfb33f
1493616720,2.26229500771,0,02e99bd4f6cfb33f
1493616780,2.49180316925,0,02e99bd4f6cfb33f
1493616840,2.50819683075,0,02e99bd4f6cfb33f
1493616900,2.55737709999,0,02e99bd4f6cfb33f
1493616960,2.52459025383,0,02e99bd4f6cfb33f
1493617020,2.16393446922,0,02e99bd4f6cfb33f
1493617080,2.14754104614,0,02e99bd4f6cfb33f
1493617140,2.19672131538,0,02e99bd4f6cfb33f
1493617200,2.29508185387,0,02e99bd4f6cfb33f
1493617260,2.44262290001,0,02e99bd4f6cfb33f
1493617320,2.14754104614,0,02e99bd4f6cfb33f
1493617380,2.19672131538,0,02e99bd4f6cfb33f
1493617440,2.09999990463,0,02e99bd4f6cfb33f
1493617500,2.16666674614,0,02e99bd4f6cfb33f
1493617560,2.1803278923,0,02e99bd4f6cfb33f
1493617620,2.31147551537,0,02e99bd4f6cfb33f
1493617680,2.22950816154,0,02e99bd4f6cfb33f
1493617740,1.95081973076,0,02e99bd4f6cfb33f
1493617800,2.0,0,02e99bd4f6cfb33f
1493617860,2.0,0,02e99bd4f6cfb33f
1493617920,1.95081973076,0,02e99bd4f6cfb33f
1493617980,2.2786884307900004,0,02e99bd4f6cfb33f
1493618040,2.44262290001,0,02e99bd4f6cfb33f
1493618100,2.19672131538,0,02e99bd4f6cfb33f
1493618160,2.0819671154,0,02e99bd4f6cfb33f
1493618220,2.22950816154,0,02e99bd4f6cfb33f
1493618280,2.2786884307900004,0,02e99bd4f6cfb33f
1493618340,2.47540974617,0,02e99bd4f6cfb33f
1493618400,2.09836053848,0,02e99bd4f6cfb33f
1493618460,2.0,0,02e99bd4f6cfb33f
1493618520,2.01639342308,0,02e99bd4f6cfb33f
1493618580,2.32786893845,0,02e99bd4f6cfb33f
1493618640,2.29508185387,0,02e99bd4f6cfb33f
1493618700,2.26229500771,0,02e99bd4f6cfb33f
1493618760,2.24590158463,0,02e99bd4f6cfb33f
1493618820,1.98360657692,0,02e99bd4f6cfb33f
1493618880,2.06557369232,0,02e99bd4f6cfb33f
1493618940,2.11475419998,0,02e99bd4f6cfb33f
1493619000,1.96721315384,0,02e99bd4f6cfb33f
1493619060,2.0491802692400003,0,02e99bd4f6cfb33f
1493619120,2.16393446922,0,02e99bd4f6cfb33f
1493619180,1.96721315384,0,02e99bd4f6cfb33f
1493619240,1.98360657692,0,02e99bd4f6cfb33f
1493619300,2.09836053848,0,02e99bd4f6cfb33f
1493619360,2.14754104614,0,02e99bd4f6cfb33f
1493619420,2.44262290001,0,02e99bd4f6cfb33f
1493619480,2.14754104614,0,02e99bd4f6cfb33f
1493619540,2.0,0,02e99bd4f6cfb33f
1493619600,1.93442618847,0,02e99bd4f6cfb33f
1493619660,2.0333333015400004,0,02e99bd4f6cfb33f
1493619720,2.0,0,02e99bd4f6cfb33f
1493619780,1.95081973076,0,02e99bd4f6cfb33f
1493619840,2.01639342308,0,02e99bd4f6cfb33f
1493619900,1.96721315384,0,02e99bd4f6cfb33f
1493619960,1.96721315384,0,02e99bd4f6cfb33f
1493620020,1.98360657692,0,02e99bd4f6cfb33f
1493620080,2.06557369232,0,02e99bd4f6cfb33f
1493620140,1.91803276539,0,02e99bd4f6cfb33f
1493620200,1.95081973076,0,02e99bd4f6cfb33f
1493620260,2.0,0,02e99bd4f6cfb33f
1493620320,2.0666666030900003,0,02e99bd4f6cfb33f
1493620380,2.08333325386,0,02e99bd4f6cfb33f
1493620440,1.93442618847,0,02e99bd4f6cfb33f
1493620500,1.93442618847,0,02e99bd4f6cfb33f
1493620560,1.91803276539,0,02e99bd4f6cfb33f
1493620620,1.93442618847,0,02e99bd4f6cfb33f
1493620680,1.96721315384,0,02e99bd4f6cfb33f
1493620740,1.98360657692,0,02e99bd4f6cfb33f
1493620800,1.7377048730900002,0,02e99bd4f6cfb33f
1493620860,1.85245907307,0,02e99bd4f6cfb33f
1493620920,2.0491802692400003,0,02e99bd4f6cfb33f
1493620980,1.93442618847,0,02e99bd4f6cfb33f
1493621040,1.93442618847,0,02e99bd4f6cfb33f
1493621100,1.93442618847,0,02e99bd4f6cfb33f
1493621160,1.93442618847,0,02e99bd4f6cfb33f
1493621220,2.01639342308,0,02e99bd4f6cfb33f
1493621280,1.85245907307,0,02e99bd4f6cfb33f
1493621340,1.93442618847,0,02e99bd4f6cfb33f
1493621400,1.95081973076,0,02e99bd4f6cfb33f
1493621460,1.88524591923,0,02e99bd4f6cfb33f
1493621520,1.86885249615,0,02e99bd4f6cfb33f
1493621580,1.70491802692,0,02e99bd4f6cfb33f
1493621640,1.93442618847,0,02e99bd4f6cfb33f
1493621700,1.80327868462,0,02e99bd4f6cfb33f
1493621760,1.85245907307,0,02e99bd4f6cfb33f
1493621820,1.95081973076,0,02e99bd4f6cfb33f
1493621880,1.77049183846,0,02e99bd4f6cfb33f
1493621940,1.86885249615,0,02e99bd4f6cfb33f
1493622000,1.93442618847,0,02e99bd4f6cfb33f
1493622060,1.77049183846,0,02e99bd4f6cfb33f
1493622120,1.77049183846,0,02e99bd4f6cfb33f
1493622180,1.93442618847,0,02e99bd4f6cfb33f
1493622240,1.66666662693,0,02e99bd4f6cfb33f
1493622300,1.72131145,0,02e99bd4f6cfb33f
1493622360,1.88524591923,0,02e99bd4f6cfb33f
1493622420,1.68852460384,0,02e99bd4f6cfb33f
1493622480,1.6065573692299997,0,02e99bd4f6cfb33f
1493622540,1.50819671154,0,02e99bd4f6cfb33f
1493622600,1.4590164422999998,0,02e99bd4f6cfb33f
1493622660,1.47540986538,0,02e99bd4f6cfb33f
1493622720,1.68852460384,0,02e99bd4f6cfb33f
1493622780,1.59016394615,0,02e99bd4f6cfb33f
1493622840,1.59016394615,0,02e99bd4f6cfb33f
1493622900,1.6229507923100002,0,02e99bd4f6cfb33f
1493622960,1.80327868462,0,02e99bd4f6cfb33f
1493623020,1.65573775768,0,02e99bd4f6cfb33f
1493623080,1.8196721077,0,02e99bd4f6cfb33f
1493623140,1.75409841537,0,02e99bd4f6cfb33f
1493623200,1.47540986538,0,02e99bd4f6cfb33f
1493623260,1.36065578461,0,02e99bd4f6cfb33f
1493623320,1.3770492076899998,0,02e99bd4f6cfb33f
1493623380,1.3934426307700003,0,02e99bd4f6cfb33f
1493623440,1.4426229000100002,0,02e99bd4f6cfb33f
1493623500,1.5409835577000002,0,02e99bd4f6cfb33f
1493623560,1.13114750385,0,02e99bd4f6cfb33f
1493623620,1.14754092693,0,02e99bd4f6cfb33f
1493623680,1.52459013462,0,02e99bd4f6cfb33f
1493623740,1.5409835577000002,0,02e99bd4f6cfb33f
1493623800,1.4590164422999998,0,02e99bd4f6cfb33f
1493623860,1.32786881924,0,02e99bd4f6cfb33f
1493623920,1.34426224232,0,02e99bd4f6cfb33f
1493623980,1.59016394615,0,02e99bd4f6cfb33f
1493624040,1.5409835577000002,0,02e99bd4f6cfb33f
1493624100,1.5573770999899998,0,02e99bd4f6cfb33f
1493624160,1.26229512691,0,02e99bd4f6cfb33f
1493624220,1.34426224232,0,02e99bd4f6cfb33f
1493624280,1.42622947693,0,02e99bd4f6cfb33f
1493624340,1.3770492076899998,0,02e99bd4f6cfb33f
1493624400,1.3934426307700003,0,02e99bd4f6cfb33f
1493624460,1.5573770999899998,0,02e99bd4f6cfb33f
1493624520,1.59016394615,0,02e99bd4f6cfb33f
1493624580,1.4426229000100002,0,02e99bd4f6cfb33f
1493624640,1.32786881924,0,02e99bd4f6cfb33f
1493624700,1.3934426307700003,0,02e99bd4f6cfb33f
1493624760,1.3770492076899998,0,02e99bd4f6cfb33f
1493624820,1.34426224232,0,02e99bd4f6cfb33f
1493624880,1.09836065769,0,02e99bd4f6cfb33f
1493624940,1.1803278923,0,02e99bd4f6cfb33f
1493625000,1.08196723461,0,02e99bd4f6cfb33f
1493625060,1.09836065769,0,02e99bd4f6cfb33f
1493625120,1.06557381153,0,02e99bd4f6cfb33f
1493625180,1.29508197308,0,02e99bd4f6cfb33f
1493625240,1.29508197308,0,02e99bd4f6cfb33f
1493625300,1.32786881924,0,02e99bd4f6cfb33f
1493625360,1.50819671154,0,02e99bd4f6cfb33f
1493625420,1.3770492076899998,0,02e99bd4f6cfb33f
1493625480,1.40983605385,0,02e99bd4f6cfb33f
1493625540,1.47540986538,0,02e99bd4f6cfb33f
1493625600,1.67213118076,0,02e99bd4f6cfb33f
1493625660,1.42622947693,0,02e99bd4f6cfb33f
1493625720,1.4426229000100002,0,02e99bd4f6cfb33f
1493625780,1.49180328846,0,02e99bd4f6cfb33f
1493625840,1.29508197308,0,02e99bd4f6cfb33f
1493625900,1.34426224232,0,02e99bd4f6cfb33f
1493625960,1.3934426307700003,0,02e99bd4f6cfb33f
1493626020,1.01639342308,0,02e99bd4f6cfb33f
1493626080,1.08196723461,0,02e99bd4f6cfb33f
1493626140,1.06557381153,0,02e99bd4f6cfb33f
1493626200,1.0,0,02e99bd4f6cfb33f
1493626260,1.16393446922,0,02e99bd4f6cfb33f
1493626320,1.03278684616,0,02e99bd4f6cfb33f
1493626380,1.11475408077,0,02e99bd4f6cfb33f
1493626440,1.08196723461,0,02e99bd4f6cfb33f
1493626500,1.04918026924,0,02e99bd4f6cfb33f
1493626560,1.09836065769,0,02e99bd4f6cfb33f
1493626620,1.01639342308,0,02e99bd4f6cfb33f
1493626680,1.0,0,02e99bd4f6cfb33f
1493626740,0.98360657692,0,02e99bd4f6cfb33f
1493626800,0.98360657692,0,02e99bd4f6cfb33f
1493626860,0.98360657692,0,02e99bd4f6cfb33f
1493626920,1.03278684616,0,02e99bd4f6cfb33f
1493626980,1.09836065769,0,02e99bd4f6cfb33f
1493627040,1.08196723461,0,02e99bd4f6cfb33f
1493627100,0.967213094234,0,02e99bd4f6cfb33f
1493627160,0.967213094234,0,02e99bd4f6cfb33f
1493627220,1.0,0,02e99bd4f6cfb33f
1493627280,0.98360657692,0,02e99bd4f6cfb33f
1493627340,0.967213094234,0,02e99bd4f6cfb33f
1493627400,0.967213094234,0,02e99bd4f6cfb33f
1493627460,1.08196723461,0,02e99bd4f6cfb33f
1493627520,1.09836065769,0,02e99bd4f6cfb33f
1493627580,1.04918026924,0,02e99bd4f6cfb33f
1493627640,1.0,0,02e99bd4f6cfb33f
1493627700,1.14754092693,0,02e99bd4f6cfb33f
1493627760,1.08196723461,0,02e99bd4f6cfb33f
1493627820,1.01639342308,0,02e99bd4f6cfb33f
1493627880,1.01639342308,0,02e99bd4f6cfb33f
1493627940,1.01639342308,0,02e99bd4f6cfb33f
